日期,温度 (°C),湿度 (%),降雨量 (mm),病虫害
2023-05-20,23.767908354578964,52.884025711869874,0.0,无
2023-05-21,11.281859079151495,59.20086153491067,0.0,无
2023-05-22,19.887714211591693,61.93252083232397,0.0,苹果白粉病
2023-05-23,18.74694867203063,52.17473937295921,0.0,蚜虫
2023-05-24,15.68580801896255,43.0111730253775,0.0,蚜虫
2023-05-25,22.610609829994324,54.88160205161083,0.0,苹果白粉病
2023-05-26,21.801902696835118,53.840327348536334,6.7596533426416805,无
2023-05-27,16.291575722739452,67.27829010514365,0.0,无
2023-05-28,18.041184007937446,79.52680956661241,3.1959905645870617,苹果金纹细蛾
2023-05-29,16.72748124953065,63.02137915628521,0.0,蚜虫
2023-05-30,15.89855988227154,73.84004449998541,0.0,无
2023-05-31,19.390596050942115,69.10917814229201,0.0,蚜虫
2023-06-01,28.129670413095766,59.478146667961006,0.0,无
2023-06-02,27.447941385843777,54.980373539614746,0.0,红蜘蛛
2023-06-03,25.23923992636642,61.598186164277195,0.0,蚜虫
2023-06-04,28.98776698335397,56.811036463202164,10.783617664548723,无
2023-06-05,25.529679899681962,59.11079419752946,0.0,蚜虫
2023-06-06,28.400704230303223,51.77356359646615,26.121715425465702,无
2023-06-07,30.70297235822821,53.81439500871375,0.0,无
2023-06-08,29.33819861745032,44.9589219641053,0.0,蚜虫
2023-06-09,24.50056342576129,43.62423275910721,3.4832691659435615,无
2023-06-10,29.994742694545824,66.02794835701972,0.0,无
2023-06-11,31.100681149568903,71.3446543359246,0.0,无
2023-06-12,26.89243780894651,55.4374659476062,0.0,无
2023-06-13,32.045139640062644,65.33644788217532,0.0,无
2023-06-14,24.973620330850242,44.91052626143592,0.0,蚜虫
2023-06-15,27.291966632984202,64.34833253179511,0.7662159556900606,无
2023-06-16,27.741886647149727,46.523638625383526,0.0,"蚜虫, 红蜘蛛"
2023-06-17,21.912011312383818,65.92720746846364,0.0,无
2023-06-18,27.027662610105754,53.19009042951932,0.0,无
2023-06-19,28.826704993054452,72.9281885920607,0.0,蚜虫
2023-06-20,31.355153181077988,68.68364733455346,16.948166521648343,无
2023-06-21,29.050699640754665,72.1414497364483,0.0,无
2023-06-22,26.108634210373165,72.42435047245824,0.0,蚜虫
2023-06-23,28.65402417564837,49.256429204448445,0.0,无
2023-06-24,24.633211911459384,56.35925950473117,8.310097711548908,无
2023-06-25,20.82184044144875,47.170962316155304,0.0,无
2023-06-26,26.077444359967945,48.5105556812081,5.524582616435453,无
2023-06-27,24.79545787865752,63.34157253270372,0.0,无
2023-06-28,27.17970986246024,45.62669228335863,0.0,无
2023-06-29,33.18588080277085,67.06603489772154,0.0,无
2023-06-30,26.836290357016143,50.1544964037551,19.53689191962575,无
2023-07-01,33.44199812421414,49.099580011533405,0.0,无
2023-07-02,28.121293350082183,62.78944763984309,0.0,无
2023-07-03,21.10764114791956,63.76292088054714,0.0,无
2023-07-04,30.13153982864227,54.07241733751491,0.0,无
2023-07-05,27.295212452070487,61.476164890733756,0.0,蚜虫
2023-07-06,28.69402682712986,62.787299392959845,0.0,蚜虫
2023-07-07,26.815783967833042,77.05440823680082,0.0,无
2023-07-08,26.749882831406154,53.92071713920643,0.0,红蜘蛛
2023-07-09,32.70044012404491,73.38129385699006,0.0,无
2023-07-10,26.12634160596051,62.2448147132417,9.837622687585005,苹果食心虫
2023-07-11,26.704122431807267,72.08903182177136,0.8257499066412501,无
2023-07-12,27.22908256288578,42.891616809995796,0.5053845534228342,红蜘蛛
2023-07-13,28.097769503619695,37.540595966533594,0.0,"红蜘蛛, 二斑叶螨"
2023-07-14,31.248798109138786,75.43044891074643,0.0,无
2023-07-15,23.362225031113603,40.955796734433434,0.0,无
2023-07-16,28.133927789777747,68.06677779870395,0.0,蚜虫
2023-07-17,23.265981034254423,53.14090482479469,0.0,蚜虫
2023-07-18,32.196946046896585,56.4919353532133,0.0,无
2023-07-19,27.793736358142745,58.77625771430293,3.92709235392025,苹果卷叶蛾
2023-07-20,28.874989208785557,67.70008767380799,0.0,无
2023-07-21,25.370768865237856,53.87908472701494,0.0,无
2023-07-22,29.6327081526213,74.07063235571096,0.0,无
2023-07-23,26.986894497125967,53.90751122976468,0.0,无
2023-07-24,24.679102913064085,71.56862895094635,0.0,无
2023-07-25,28.587994084208173,52.77234001933724,0.0,无
2023-07-26,24.942878721300215,38.25616850620352,0.0,无
2023-07-27,29.343352411253274,62.6894219835006,2.7028983926164054,无
2023-07-28,29.02189780898972,77.30901621863893,0.0,蚜虫
2023-07-29,27.654997482444664,54.869039989747144,0.0,无
2023-07-30,23.69487158298381,36.04535076055907,0.0,无
2023-07-31,28.33747730633391,37.12061627589574,0.0,无
2023-08-01,27.033851315512692,76.31638455587864,0.0,无
2023-08-02,23.10656656321527,45.693083592181864,2.572173767260656,无
2023-08-03,29.36351295701667,63.22647432217405,0.0,无
2023-08-04,30.773334516757295,64.72602584705407,0.0,无
2023-08-05,22.158500333673192,57.69339697493556,0.0,蚜虫
2023-08-06,27.057490564150868,49.398848001962634,0.0,无
2023-08-07,26.78795597428778,54.184938708784706,0.0,蚜虫
2023-08-08,25.976658657861137,44.88750432859035,0.0,无
2023-08-09,19.186673785170758,43.99700388072182,0.0,无
2023-08-10,26.76336785013509,47.8092043287845,19.23366774692101,无
2023-08-11,30.054716773474514,51.238235348682565,22.759516408346197,无
2023-08-12,31.045413752801082,58.97036963279889,0.0,无
2023-08-13,31.870146283717744,55.06388379504127,0.0,无
2023-08-14,28.615854278722143,53.24655548425885,0.0,蚜虫
2023-08-15,26.88612634691359,44.52405842994999,0.0,无
2023-08-16,24.78248662684333,46.9408423245297,0.0,无
2023-08-17,24.53977977955552,62.408475786553126,0.0,蚜虫
2023-08-18,21.993944134644366,57.62027211763331,0.0,"苹果白粉病, 苹果绵蚜"
2023-08-19,33.57988479304901,53.40170528689511,7.499994690829313,无
2023-08-20,22.858925512678972,55.508402540678226,8.433108608259385,无
2023-08-21,27.576461488137976,58.15461582273398,0.0,红蜘蛛
2023-08-22,29.144924657736276,57.47026258112591,0.0,无
2023-08-23,29.460603964751407,57.777068695992256,0.0,无
2023-08-24,27.718474279607452,55.666141128941895,0.0,红蜘蛛
2023-08-25,27.586765196066064,66.33128049484301,0.0,无
2023-08-26,34.395426194851005,47.656583699387596,0.0,二斑叶螨
2023-08-27,27.524571851208943,57.50100924816245,0.0,红蜘蛛
2023-08-28,31.330294934128755,54.92816798186074,3.805709278306665,无
2023-08-29,27.50329391738917,77.91217241133778,0.0,无
2023-08-30,25.093723223732912,64.0698475487359,0.0,无
2023-08-31,28.79684583565201,54.30546380509013,0.0,无
2023-09-01,16.978742904826504,58.90169471350831,1.4172795634635484,无
2023-09-02,18.391970767030255,41.50237380900212,1.3813682755964527,无
2023-09-03,18.422649859430102,59.37957276321882,0.0,无
2023-09-04,18.781306250238217,83.16772771311688,0.0,无
2023-09-05,15.22982625584399,64.9310754753794,0.0,无
2023-09-06,18.656464343257433,61.51962337157907,0.0,无
2023-09-07,25.954229380239344,67.57580370517897,0.0,蚜虫
2023-09-08,16.524837228869092,42.17170976644803,0.0,无
2023-09-09,17.364242869968628,58.87959777968786,1.0031858887904619,蚜虫
2023-09-10,21.86627264171606,73.6741291272457,0.0,无
2023-09-11,18.117445078440007,62.17711590251933,0.0,苹果白粉病
2023-09-12,10.10121380651632,64.24932718947795,0.0,无
2023-09-13,23.55010205046187,63.89456680129307,0.0,蚜虫
2023-09-14,15.44565690389768,58.60527558414391,0.0,蚜虫
2023-09-15,20.686510229732505,68.71625331141024,0.0,蚜虫
2023-09-16,16.73992237810259,51.479830060377864,0.0,"蚜虫, 苹果白粉病"
2023-09-17,19.502263793233023,46.80922909351251,0.0,蚜虫
2023-09-18,16.499498280321582,56.009722905340034,0.0,蚜虫
2023-09-19,18.00209295306868,50.94293544113979,0.0,"苹果白粉病, 苹果绵蚜"
2023-09-20,20.815080394862406,64.88428487534676,0.0,蚜虫
2023-09-21,23.131410640750854,64.87597732240145,0.0,蚜虫
2023-09-22,19.517177930619408,58.61293059001916,0.0,"蚜虫, 苹果白粉病"
2023-09-23,17.96279119681957,45.96383190939729,0.0,无
2023-09-24,19.369279343993277,65.01194592858167,0.0,蚜虫
2023-09-25,20.090799678037428,38.15120922818594,0.0,无
2023-09-26,23.063999134614242,66.78897322878362,0.0,"苹果白粉病, 苹果绵蚜"
2023-09-27,23.406364241129722,61.07019834261767,0.0,"蚜虫, 苹果白粉病"
2023-09-28,18.878284858865683,56.24641187657721,2.378609155063886,蚜虫
2023-09-29,21.200929703824894,58.80494534543175,0.0,蚜虫
2023-09-30,18.818531311335427,58.757249790692526,0.0,蚜虫
2023-10-01,17.66358815693384,75.87863253960896,0.0,无
2023-10-02,17.2790135999651,57.370923060512,0.0,无
2023-10-03,16.183797638404243,62.90121531472835,0.0,无
2023-10-04,13.213677876264452,70.26550322953148,0.0,无
2023-10-05,16.260397172549435,64.02634025637258,1.1113277939708852,苹果白粉病
2023-10-06,18.835670781046524,40.65891292322229,0.0,无
2023-10-07,14.25551772068137,65.3809269607048,0.0,无
2023-10-08,20.83394598195278,52.41755961182555,0.0,苹果绵蚜
2023-10-09,17.833794629299522,59.44052190866752,1.0822834175935496,无
2023-10-10,15.092028419983974,61.23614684671885,0.0,蚜虫
2023-10-11,12.741574550726105,56.12425603253139,0.0,无
2023-10-12,24.874363177689872,65.71794295508435,0.0,蚜虫
2023-10-13,19.048113338124093,61.537041644149355,0.0,"蚜虫, 苹果绵蚜"
2023-10-14,19.204259963912246,60.77533294624771,0.0,蚜虫
2023-10-15,14.352851100444735,71.35999445022992,0.0,无
2023-10-16,17.273810298872366,65.81101374160119,0.0,"蚜虫, 苹果白粉病"
2023-10-17,22.853629990938863,42.635360782955544,0.0,蚜虫
2023-10-18,15.985830571730286,58.28862932527606,0.0,苹果白粉病
2023-10-19,17.13520484528228,66.83035929835776,0.0,无
2023-10-20,20.097394163347506,55.91302849432352,0.0,无
2023-10-21,17.314958351895164,69.60094185591237,0.0,无
2023-10-22,19.984361038057656,61.65157925190201,0.0,无
2023-10-23,17.95380178736806,64.77977941789159,0.0,蚜虫
2023-10-24,21.848780951830726,51.29635221560024,0.0,无
2023-10-25,13.469819829264079,68.95384935503647,0.0,无
2023-10-26,20.54732836826935,66.49333009705147,0.0,无
2023-10-27,13.792972685473726,59.12465860563583,0.0,无
2023-10-28,16.493940129039125,40.36369869806395,0.0,无
2023-10-29,24.456077851527652,80.72608182252895,0.0,无
2023-10-30,14.862659571387569,70.15095347723447,17.110578357283444,无
2023-10-31,18.38081120197863,65.96232138256778,0.0,无
2023-11-01,21.163874255500907,54.85451484340701,0.0,无
2023-11-02,18.16232385228647,65.4213709293408,0.0,无
2023-11-03,18.26673398263249,75.82656230693541,0.0,蚜虫
2023-11-04,18.91103131230745,74.25029275479405,0.0,蚜虫
2023-11-05,12.60226240631604,76.3509295916573,4.455388564647024,无
2023-11-06,22.94107285158487,55.936653648168544,0.0,无
2023-11-07,19.268340517423432,62.64882640756818,0.0,苹果绵蚜
2023-11-08,17.653816185598178,54.7099885497246,0.0,无
2023-11-09,14.311799978805118,50.906614565771676,0.0,无
2023-11-10,15.561300050096701,51.01602629323531,0.0,蚜虫
2023-11-11,19.240831412796013,59.427275416852275,0.0,苹果绵蚜
2023-11-12,24.501874868124986,65.92216530031422,11.51874208422878,无
2023-11-13,24.01679450122203,65.73347961702713,0.0,无
2023-11-14,21.47162804486338,69.32949760022913,0.0,蚜虫
2023-11-15,15.809293557971,43.91712254026889,0.0,蚜虫
2023-11-16,21.57175496613121,48.39183209519964,0.0,蚜虫
2023-11-17,20.41114746672251,71.02695746966224,0.0,蚜虫
2023-11-18,15.672659203639059,57.37964480676639,0.0,无
2023-11-19,16.707505627300808,58.76375538930333,0.0,"蚜虫, 苹果白粉病"
2023-11-20,19.555748671662286,63.15240726763973,0.0,无
2023-11-21,17.764431317080593,58.902657989694525,0.0,苹果白粉病
2023-11-22,19.587387572908003,58.42253698714747,14.047001670611056,无
2023-11-23,13.201845461856038,71.9057035492626,0.25140455593637717,无
2023-11-24,18.144208659931852,63.456955038982606,0.0,无
2023-11-25,15.893108080660305,66.69844896430203,4.042915536592041,无
2023-11-26,17.084731294815832,94.20971214705136,0.0,无
2023-11-27,17.25367689858863,63.270739722991415,0.0,无
2023-11-28,12.375416055181756,83.49967996938268,0.0,无
2023-11-29,14.693618298227054,63.37813920832613,0.0,无
2023-11-30,17.4766603677399,53.641873385793986,3.104653631576194,"蚜虫, 苹果白粉病"
2023-12-01,8.326251455958793,72.28060800674837,0.0,无
2023-12-02,10.019359599632075,70.0228482241271,0.0,无
2023-12-03,0.9103027324030677,51.200259961431094,0.0,无
2023-12-04,8.490547220944574,39.35309084447307,0.861894634797442,无
2023-12-05,4.042208815044348,45.904108552341,0.0,无
2023-12-06,5.319322135576282,68.93461193234147,0.0,无
2023-12-07,7.219465903456593,71.67534975045956,0.0,无
2023-12-08,5.826029722514544,53.037838506025324,10.098774656894502,无
2023-12-09,8.936760931966624,65.7019505854989,0.0,无
2023-12-10,4.0908894558199105,62.606610698971785,0.0,无
2023-12-11,8.938357838335097,72.15401903647778,0.0,无
2023-12-12,2.7548919100351905,64.72249954934675,0.0,无
2023-12-13,0.0,63.362880256392266,0.0,无
2023-12-14,1.954620113987831,65.592886552188,0.0,无
2023-12-15,5.708087097479241,52.06446479907054,0.0,无
2023-12-16,6.218894314261193,55.46360557221612,0.0,无
2023-12-17,7.401454654639248,56.522168572175744,0.5240441583134329,无
2023-12-18,7.235495543361347,88.96131420090445,0.0,无
2023-12-19,7.373360761788293,61.777089278203285,0.0,无
2023-12-20,7.154738006911992,71.4091726237049,0.0,无
2023-12-21,7.503144104175801,59.843671506776694,0.0,无
2023-12-22,1.9859337019530932,68.62130164252949,0.0,无
2023-12-23,6.527821682201372,71.58729674238748,7.391478686816414,无
2023-12-24,1.455653135198527,70.21205640389266,0.0,无
2023-12-25,7.362629805378569,60.588319066697174,0.0,无
2023-12-26,4.078927101316632,64.33529520514965,0.0,无
2023-12-27,4.2105250682508855,60.41692873329436,0.0,无
2023-12-28,4.625662949224711,71.91640725970667,0.0,无
2023-12-29,9.166621811220038,59.72395887915479,0.0,无
2023-12-30,6.250014296843927,53.82899492234276,0.0,无
2023-12-31,0.0,83.82222889984706,0.0,无
2024-01-01,0.0,85.70175851892687,0.0,无
2024-01-02,5.405697401699829,74.51210670040608,0.0,无
2024-01-03,5.762939403101923,67.04108644926852,1.58478370273072,无
2024-01-04,7.628086152140373,63.33453118367554,0.0,无
2024-01-05,4.202053335857282,62.27161887728402,0.0,无
2024-01-06,5.838167905117273,59.77420623061992,3.5630464533918236,无
2024-01-07,0.3242249558862502,44.89178034220515,0.0,无
2024-01-08,4.85233302465508,63.045516795326556,0.20284220578403972,无
2024-01-09,2.307820693963343,77.03629924557418,1.2841056113371516,无
2024-01-10,5.864067177867535,77.74932499740753,0.0,无
2024-01-11,6.248887735271262,57.185311492612854,5.65713375303659,无
2024-01-12,5.997743846010832,56.17308854436658,0.0,无
2024-01-13,3.8762291124030437,82.05182291654107,0.0,无
2024-01-14,1.7659860518490307,56.90222246519617,0.0,无
2024-01-15,0.3685111048080101,56.572497201095906,0.0,无
2024-01-16,6.4710655340641114,52.47288059442534,0.0,无
2024-01-17,2.8550745119002023,66.12866190733395,0.0,无
2024-01-18,6.878060599111205,51.91555471786507,0.0,无
2024-01-19,5.191580549423364,31.203274101622974,1.97787995056425,无
2024-01-20,7.80219061436055,58.75968968686265,0.0,无
2024-01-21,2.436008282152415,68.26050477712947,0.0,无
2024-01-22,3.892257020629312,61.26766050329607,0.0,无
2024-01-23,0.0,54.56616249857798,0.0,无
2024-01-24,9.361973647655331,54.728626523869124,0.0,无
2024-01-25,4.384804285417017,54.855668189304005,4.3413827680569215,无
2024-01-26,6.060744391188999,49.66755273386519,0.0,无
2024-01-27,4.298747625768064,46.844290892972815,0.0,无
2024-01-28,3.997508495150006,59.3238737766957,0.0,无
2024-01-29,2.7999379377143896,53.95521639565123,0.0,无
2024-01-30,4.398191052728778,55.9451916632961,0.0,无
2024-01-31,7.676303737271194,49.81063308813988,11.160883904241263,无
2024-02-01,4.718314775939929,49.14577038103994,0.0,无
2024-02-02,3.964620364411654,47.372738184147394,0.0,无
2024-02-03,6.366323753428574,54.33965921089604,0.0,无
2024-02-04,5.550223735399757,35.67016872440992,0.0,无
2024-02-05,7.923593494305818,43.11850039714549,7.578596299770758,无
2024-02-06,0.9504742175759109,71.95011057081784,3.4866594435664426,无
2024-02-07,6.280507439726671,63.55244964033523,0.0,无
2024-02-08,3.8920123595702,53.7275039893781,0.0,无
2024-02-09,3.357255390536231,47.212585471013284,0.0,无
2024-02-10,7.686651868625514,69.06153375156516,0.0,无
2024-02-11,5.091919087584714,61.59560330796441,0.0,无
2024-02-12,5.903422980844091,82.79142217748252,0.0,无
2024-02-13,10.782858752206113,37.19750453398716,8.633837802766259,无
2024-02-14,6.234370637712243,72.73306672988261,4.713608464409661,无
2024-02-15,6.975406314739121,60.50230735305448,0.0,无
2024-02-16,8.220518787093205,66.8190710902627,0.0,无
2024-02-17,5.107394446577899,57.57286412557438,0.0,无
2024-02-18,4.697014058833275,55.4700822982691,0.0,无
2024-02-19,1.5905130437293087,55.42463601879194,0.0,无
2024-02-20,0.0,77.8685443557229,0.0,无
2024-02-21,7.188133377639157,64.96120562503481,0.0,无
2024-02-22,5.768656820568756,66.35655178835245,0.0,无
2024-02-23,2.685467089584679,74.5330477112929,0.0,无
2024-02-24,5.957563142502841,59.598922354686366,0.0,无
2024-02-25,4.1405859632588085,64.75471590327311,3.337030577395158,无
2024-02-26,5.737877378574912,65.47860681722047,0.0,无
2024-02-27,0.7855637653367964,47.3930516893829,2.3253640172203762,无
2024-02-28,1.4572319772468108,59.37820258696475,0.0,无
2024-02-29,7.211007110674428,32.97289941623599,0.0,无
2024-03-01,19.9844039000119,62.544519808033876,3.0361862610763914,苹果斑点落叶病
2024-03-02,10.968068146548138,58.30649216277056,0.0,无
2024-03-03,19.90687303085039,53.401262598751586,0.0,无
2024-03-04,17.916650193472915,54.10372979788235,0.0,苹果白粉病
2024-03-05,20.69704549975357,65.56198854978379,0.0,无
2024-03-06,20.06412202883047,56.17009303110893,18.772188852765385,无
2024-03-07,23.554952414997107,67.99806803291344,0.0,苹果绵蚜
2024-03-08,16.53683118047653,56.91230478653725,0.26735648968342485,蚜虫
2024-03-09,21.665498964748494,65.30482170621363,0.0,无
2024-03-10,16.334516881740015,52.631768361213254,0.0,蚜虫
2024-03-11,16.417763132223403,45.49363051949681,22.03212785414195,无
2024-03-12,18.54566512797302,76.62869879857672,0.0,无
2024-03-13,22.497376179991207,88.37788396629826,0.0,无
2024-03-14,20.847252109641754,68.08403392180665,0.0,"蚜虫, 苹果绵蚜"
2024-03-15,20.64970547665842,67.78726502950303,0.7902550676215396,"苹果白粉病, 苹果绵蚜"
2024-03-16,19.511832989187813,64.64524631817133,0.0,无
2024-03-17,19.088873990883535,61.27213151325264,0.0,无
2024-03-18,21.861956514901305,42.31543966027294,0.0,无
2024-03-19,14.296668328291904,68.42565521887595,0.0,无
2024-03-20,15.526609807701746,56.23358389103196,0.0,无
2024-03-21,13.790743403488422,63.6826225233527,0.44897003239229116,无
2024-03-22,21.914402812815887,47.358829913900834,0.0,蚜虫
2024-03-23,17.471910767812897,55.72457597885209,0.0,无
2024-03-24,19.982972312895843,58.60269932838249,0.0,蚜虫
2024-03-25,19.02371046978834,54.46295967474359,0.0,"蚜虫, 苹果白粉病"
2024-03-26,21.31395160130556,64.36565292027866,0.0,苹果白粉病
2024-03-27,25.093089342483818,59.45495236335479,0.0,无
2024-03-28,16.746745785432854,81.87231629694745,0.0,无
2024-03-29,22.788969317563794,62.82467719722843,0.0,苹果绵蚜
2024-03-30,21.609083034918083,57.73186667278278,0.0,"蚜虫, 苹果绵蚜"
2024-03-31,18.75535323566131,65.52076105388323,0.0,无
2024-04-01,18.625849232130264,58.58461579616174,0.2649412886702227,无
2024-04-02,16.097376614441355,54.65436529076906,0.0,蚜虫
2024-04-03,15.512549791934294,53.1513892765528,0.0,无
2024-04-04,21.477077791043413,62.69191781148689,0.0,无
2024-04-05,16.65990582151001,69.91558322700449,0.0,无
2024-04-06,15.70417665969737,60.038676344815144,0.0,"蚜虫, 苹果白粉病"
2024-04-07,20.36599995207868,59.39695169339422,2.3007771792474982,无
2024-04-08,21.218981821986482,73.63353149474582,0.0,无
2024-04-09,21.343525663116186,69.61834920200201,0.0,苹果白粉病
2024-04-10,17.85621311190045,46.16427739030944,0.0,无
2024-04-11,13.413846207750494,49.428713874465465,0.0,无
2024-04-12,19.345603905432647,67.46346412381546,0.0,苹果白粉病
2024-04-13,21.58547280827822,53.56084907698467,0.0,苹果白粉病
2024-04-14,17.5318002899381,70.12156763613035,0.0,无
2024-04-15,18.7351881087047,64.49097858236985,4.924647197730882,苹果斑点落叶病
2024-04-16,18.522031827450725,55.873185885630534,0.0,无
2024-04-17,17.181888571847058,61.45271596712345,0.0,蚜虫
2024-04-18,17.559892140435316,48.06222728468286,0.6379435689205522,无
2024-04-19,17.349871275283366,62.23262146903621,0.0,无
2024-04-20,17.697891738910567,58.376073498828845,0.0,"蚜虫, 苹果白粉病"
2024-04-21,16.918516883999715,37.81672031660543,1.8869087496215968,无
2024-04-22,19.373762521226315,57.529727770182966,0.0,蚜虫
2024-04-23,22.781993556758213,63.66121934005368,3.4396631088247527,"蚜虫, 苹果食心虫, 苹果绵蚜, 苹果小卷叶蛾"
2024-04-24,22.81251844392191,54.30209478854871,0.0,无
2024-04-25,20.13806506085061,64.15154559256035,3.171563087788117,"蚜虫, 苹果斑点落叶病"
2024-04-26,18.944256502129885,64.49103739926801,0.0,蚜虫
2024-04-27,22.600741761165324,59.46851190347673,0.0,"蚜虫, 苹果白粉病"
2024-04-28,19.02140295218624,44.60251528385321,0.0,无
2024-04-29,13.915661511573134,64.46865367580516,13.68134074604374,无
2024-04-30,14.030559267808384,53.92233785961883,0.0,无
2024-05-01,19.43521738250669,57.00811435744167,0.0,无
2024-05-02,18.42108141668334,56.53040618430224,0.0,无
2024-05-03,21.540496256460152,52.25019534576925,4.708980157101743,苹果白粉病
2024-05-04,17.10534327636492,43.9886220246669,0.0,无
2024-05-05,18.41975812542379,55.90569764105334,14.677470285785951,无
2024-05-06,15.965173725655063,57.58723405085091,14.109742705399624,无
2024-05-07,15.784188919946612,65.25594742427691,0.0,无
2024-05-08,20.384127462563594,85.43775321511643,0.0,无
2024-05-09,12.02916617439405,48.33914801490188,0.0,无
2024-05-10,15.091262152219134,80.42055993881742,0.0,无
2024-05-11,24.57574541510717,41.94815631535508,0.0,蚜虫
2024-05-12,15.333518962044174,58.83725233076617,7.3215361936740635,无
2024-05-13,19.587984115451892,64.16662543668582,0.0,无
2024-05-14,16.89589540798204,67.4499299785501,0.0,"蚜虫, 苹果白粉病"
2024-05-15,17.877107390594958,50.31927276685189,0.0,无
2024-05-16,18.550867335049237,60.64890951408358,0.04406200963504178,蚜虫
2024-05-17,16.866223453866432,72.6550848265746,0.0,蚜虫
2024-05-18,18.746929863241668,47.57474182367302,0.0,无
2024-05-19,17.13420585637348,71.8186079491982,0.0,无
2024-05-20,21.036261531987527,60.19687567683957,3.212197933282078,苹果卷叶蛾
2024-05-21,25.816781908804955,47.4182824603249,0.0,无
2024-05-22,22.812696622134716,49.220720985634266,0.0,无
2024-05-23,22.089669802209706,75.2569848562304,0.0,蚜虫
2024-05-24,17.993498461553973,49.85613005882999,0.0,无
2024-05-25,16.44728230124815,50.61285016250564,0.0,苹果白粉病
2024-05-26,15.27847123271411,69.40995478341411,0.0,无
2024-05-27,13.22396775719119,61.81596708847845,1.7429502752568613,无
2024-05-28,19.8191197725028,67.95893726979547,0.0,无
2024-05-29,14.574389721925119,50.88580189226279,0.0,无
2024-05-30,16.741123491417405,54.06757046987063,0.0,无
2024-05-31,18.866808557050103,77.73290690093688,0.0,无
2024-06-01,30.96944031534294,67.66694183900366,0.0,无
2024-06-02,27.786019199373996,58.11197687799303,0.0,无
2024-06-03,30.647603815223842,74.5430600357681,0.0,无
2024-06-04,33.31909970317395,49.30908838604701,0.0,无
2024-06-05,31.11777361427843,62.40744714174355,0.0,无
2024-06-06,33.708728901135444,56.73533652117183,0.0,红蜘蛛
2024-06-07,27.166025693251292,65.32891592581122,0.0,蚜虫
2024-06-08,32.124150359595916,58.23298985433985,0.0,无
2024-06-09,25.309920977556516,66.8370073505678,5.163428226978217,"苹果斑点落叶病, 苹果金纹细蛾"
2024-06-10,29.39494954579823,59.4068919272917,0.0,无
2024-06-11,32.46273947404222,58.433718233201766,3.514297444952521,无
2024-06-12,25.058392526758286,65.1629613647481,0.0,蚜虫
2024-06-13,26.610987854850144,53.3102183885408,0.0,无
2024-06-14,30.40256857497284,56.75394388685929,0.0,无
2024-06-15,30.354069095012647,63.18005361402605,0.0,无
2024-06-16,29.173231141598226,61.57789630513234,0.0,无
2024-06-17,28.085334477311182,76.46603774918347,0.0,蚜虫
2024-06-18,27.211457448418713,61.35594826906078,0.0,无
2024-06-19,26.872477264320302,43.93309238809215,0.0,无
2024-06-20,30.16047513552203,69.52417459797947,0.0,无
2024-06-21,26.5518784874445,67.70725322774668,0.0,无
2024-06-22,34.34990732871295,43.82123594945452,7.192207660922207,无
2024-06-23,26.635876812451645,65.55451715765132,0.0,蚜虫
2024-06-24,30.210963670295556,56.746346424174135,0.0,无
2024-06-25,25.57198127407063,74.72358293560823,0.0,蚜虫
2024-06-26,27.78750027421822,72.33681780805111,0.0,蚜虫
2024-06-27,30.16123511963224,56.40247671330072,0.0,无
2024-06-28,31.66910235809742,65.04394159961247,0.0,无
2024-06-29,31.27636716263225,71.09828615711449,0.2685109227241595,无
2024-06-30,26.658536150900467,60.76309680124734,3.9834742572880852,苹果斑点落叶病
2024-07-01,23.927693038356715,36.47142670539939,2.873215420998591,无
2024-07-02,30.615995507693604,68.24934003389018,1.3446258812368759,无
2024-07-03,22.241324448367738,69.99951110344286,3.62525464848837,苹果食心虫
2024-07-04,21.552855612874488,68.57889745261022,0.0,无
2024-07-05,23.818100175524048,56.821424458987714,0.0,无
2024-07-06,21.63685720267818,48.583133984302904,1.4327571199232376,蚜虫
2024-07-07,31.304244934582687,51.48003269910964,4.001760940615099,无
2024-07-08,32.284299200637065,59.23538934783244,7.918670430337729,无
2024-07-09,25.22313590406308,59.11203007595457,0.0,红蜘蛛
2024-07-10,28.221428323530375,79.92429849190242,0.0,无
2024-07-11,24.74702216146204,36.639704589402314,0.0,无
2024-07-12,25.754628774559617,73.51956564787532,21.832047231979427,无
2024-07-13,27.74525157863668,51.41628000593665,0.0,红蜘蛛
2024-07-14,27.22793263992398,66.255508167013,0.0,蚜虫
2024-07-15,23.182139101338873,54.543618523254224,0.7294925888383621,蚜虫
2024-07-16,24.294527661053483,61.51113016325426,4.333487523021231,蚜虫
2024-07-17,21.34479456436866,68.0268767701441,0.0,蚜虫
2024-07-18,26.634519942667676,59.790209511356274,0.0,无
2024-07-19,27.826460429118455,59.47680233172465,0.0,蚜虫
2024-07-20,27.30233048959701,56.26517862298786,0.0,无
2024-07-21,25.333209063377677,43.967996991483965,0.0,无
2024-07-22,26.482617404135933,39.8291306611754,0.0,无
2024-07-23,25.00684005523463,66.78273966584061,0.0,无
2024-07-24,28.243998734323633,67.67371591068418,0.0,无
2024-07-25,25.961250931646642,40.179611691293665,8.735583599621524,无
2024-07-26,28.354208757355536,67.51358555171467,0.0,无
2024-07-27,30.60195777818447,69.8284703232251,0.0,无
2024-07-28,25.07387347018569,54.06943136465165,5.847279021118781,无
2024-07-29,29.120488434124784,57.84006621576447,0.0,无
2024-07-30,29.05778409313165,47.75824105960865,0.0,蚜虫
2024-07-31,27.31792798565266,65.34600903769478,1.7154911603062533,无
2024-08-01,32.06947348273677,60.78649870788192,0.0,无
2024-08-02,25.840989550343036,48.07318484190219,0.0,红蜘蛛
2024-08-03,29.06873674179647,54.73066814183501,6.90017646987072,无
2024-08-04,34.12858204940007,60.565548455173435,0.0,无
2024-08-05,31.291408485015758,45.49413449767347,0.5839700587929737,无
2024-08-06,29.434952081278325,74.26665817125063,0.0,蚜虫
2024-08-07,23.32047806745306,65.22627714747249,2.0284647109430907,蚜虫
2024-08-08,27.00377529742099,54.86982513969702,0.0,无
2024-08-09,25.63313136685088,48.42620756803546,0.0,蚜虫
2024-08-10,35.468382574456285,50.69511226005076,0.0,无
2024-08-11,28.209294972174604,62.345825160208804,0.0,蚜虫
2024-08-12,25.641274726520045,53.95590351919247,0.0,红蜘蛛
2024-08-13,29.103468055085788,52.56593041448012,0.0,无
2024-08-14,26.225257421970436,61.089142289768404,0.0,无
2024-08-15,32.50752565434208,59.28643132298551,0.0,红蜘蛛
2024-08-16,28.35994229654613,51.73649215164292,0.0,红蜘蛛
2024-08-17,31.27537090986272,49.83222984631788,0.0,红蜘蛛
2024-08-18,28.15905288491163,54.708987675983906,6.078961086201941,无
2024-08-19,33.68355521512975,72.44202103276174,0.0,无
2024-08-20,22.08480007297336,51.02256921358643,0.0,苹果绵蚜
2024-08-21,28.085936195133463,83.67297833816784,0.0,无
2024-08-22,29.00335755394775,68.54758457310169,0.0,无
2024-08-23,25.252177092964075,60.958889538508345,0.0,无
2024-08-24,36.27462753088875,66.74908122075692,0.0,无
2024-08-25,28.92864137885069,64.03518928871767,0.0,蚜虫
2024-08-26,28.115727080480394,64.52571830563461,0.0,无
2024-08-27,28.401206599690504,67.70079360098913,0.0,无
2024-08-28,29.367686528972765,56.38198514998434,0.0,红蜘蛛
2024-08-29,22.513503364064288,61.041930655593156,0.0,苹果绵蚜
2024-08-30,25.218779929445358,69.17373312189773,0.0,无
2024-08-31,27.338735667252624,60.77204590575679,0.0,无
2024-09-01,18.156920385443545,64.42030962397307,0.0,蚜虫
2024-09-02,19.337353783976454,46.93735098182634,0.0,蚜虫
2024-09-03,15.524290966067106,49.66510259385577,0.0,无
2024-09-04,17.85308686523344,56.844523778498456,0.0,无
2024-09-05,20.741153918029994,56.602744221848624,0.0,无
2024-09-06,13.476557331517181,64.8238024718941,0.0,无
2024-09-07,20.36090509694801,46.25933797780231,0.4982964546847251,蚜虫
2024-09-08,15.907903469352023,51.178792414295906,0.0,无
2024-09-09,17.691613159688185,58.4700217159582,0.0,无
2024-09-10,18.363582001910448,68.92141164651103,0.0,无
2024-09-11,15.954264621554266,66.21827139121271,0.0,无
2024-09-12,21.097349949334955,50.332205982943655,0.0,苹果白粉病
2024-09-13,15.535173759992151,65.7448729179406,0.0,苹果白粉病
2024-09-14,14.427153154719559,60.479890785295346,0.0,无
2024-09-15,13.757417611966488,73.33463490186443,0.0,无
2024-09-16,18.518409849009117,78.91615578178826,6.393478942923806,苹果金纹细蛾
2024-09-17,18.05435393997936,69.80139108274757,0.0,无
2024-09-18,17.480599538711388,67.7113012176555,0.0,无
2024-09-19,22.60888435961853,54.72070930904978,0.0,无
2024-09-20,15.871679991488342,53.36596575492191,0.0,苹果白粉病
2024-09-21,19.77729181223101,74.02516767096523,0.0,无
2024-09-22,17.98511514395317,70.47358010277703,0.0,无
2024-09-23,20.396265326128805,42.03403904173956,0.0,蚜虫
2024-09-24,19.40499401454105,35.0576522919728,0.0,无
2024-09-25,16.399283497497006,63.97436823886613,0.0,蚜虫
2024-09-26,18.49822982169943,48.30200306037732,0.0,蚜虫
2024-09-27,17.508633448349432,56.23260737901725,0.0,无
2024-09-28,19.595839357616864,45.75001329454863,0.7551997792966227,无
2024-09-29,17.201692409288718,52.12706708020025,0.0,无
2024-09-30,19.388440900965154,51.10420358783644,0.0,无
2024-10-01,17.5891796196288,59.74767089423721,0.0,无
2024-10-02,20.251817769704324,66.76582515092048,0.0,无
2024-10-03,16.519342052115718,74.22598561809076,0.0,无
2024-10-04,25.318791047038687,75.07276960052195,0.0,蚜虫
2024-10-05,17.399090410110308,63.99888988756634,0.0,"蚜虫, 苹果白粉病"
2024-10-06,15.918966057061112,68.09003831910655,0.0,无
2024-10-07,22.541534400051113,58.89638678001337,3.3287912838471305,无
2024-10-08,21.229377721745298,57.39618001875199,0.0,"蚜虫, 苹果白粉病, 苹果绵蚜"
2024-10-09,14.652156881129194,74.82252192772529,0.0,无
2024-10-10,17.155041187753827,41.50435628916439,0.0,无
2024-10-11,15.856593457538361,82.37466311868204,0.0,无
2024-10-12,10.801107988785965,65.21333448622906,0.0,无
2024-10-13,21.26899349297219,60.88869821184404,0.0,无
2024-10-14,12.334907654244137,61.89231534587998,0.0,无
2024-10-15,18.986682572385558,69.6747434639143,0.0,苹果白粉病
2024-10-16,16.589222995336954,66.431507289522,3.7205427833142304,"蚜虫, 苹果白粉病"
2024-10-17,20.611765670161518,68.00029285637686,0.11887228389941905,苹果白粉病
2024-10-18,19.690197978633808,64.26260391961846,0.0,苹果白粉病
2024-10-19,17.444613124679154,60.01834543805538,0.0,无
2024-10-20,16.7101489969546,68.1745010415985,0.0,苹果白粉病
2024-10-21,16.19484787283012,64.73788451072333,0.0,蚜虫
2024-10-22,22.55283118092931,80.74214500602062,0.0,无
2024-10-23,15.170970659572852,60.50127856865695,0.0,无
2024-10-24,17.47105079415325,47.37274468492305,0.0,无
2024-10-25,11.112772560879113,66.60250888778856,0.0,无
2024-10-26,19.342567505567587,61.690158123867384,0.0,无
2024-10-27,13.833631750473034,64.38145303911729,0.0,无
2024-10-28,22.506207463255624,75.36981840478913,0.0,无
2024-10-29,17.294617399712944,51.22789373873377,0.0,蚜虫
2024-10-30,15.635122401600288,62.507084108165884,0.0,无
2024-10-31,24.052970138450505,77.33483054698969,0.0,蚜虫
2024-11-01,23.185583516468377,48.466631675073344,0.0,无
2024-11-02,17.441984795703927,56.97907456436107,0.0,苹果白粉病
2024-11-03,18.31999372945747,61.50958236097702,1.8735251881698258,苹果白粉病
2024-11-04,23.892715255125857,70.23461130229273,4.32336539327715,蚜虫
2024-11-05,14.1362912741357,62.442318922520315,0.0,无
2024-11-06,19.347262057146708,54.82232816650476,1.2931226321443883,无
2024-11-07,16.548877345649895,55.36626888273686,0.0,无
2024-11-08,16.755821739468793,65.07718824525867,0.0,蚜虫
2024-11-09,18.570151648593615,60.48032172697089,0.0,蚜虫
2024-11-10,9.713883320501857,62.51382860376262,8.846651680236635,无
2024-11-11,23.464653030140937,68.5453963149446,0.0,苹果绵蚜
2024-11-12,15.997314220668322,57.904815943423884,0.0,"蚜虫, 苹果白粉病"
2024-11-13,16.02187985510555,51.75205654108324,3.0933521348285224,无
2024-11-14,20.68094583138941,74.8899819567216,0.0,无
2024-11-15,16.995125534451677,39.19992144423425,7.163111886819507,无
2024-11-16,17.319163140653316,44.65217277383495,0.0,蚜虫
2024-11-17,19.618162676633485,54.22049660067194,0.0,"蚜虫, 苹果绵蚜"
2024-11-18,15.23805437210519,67.012585582508,0.0,无
2024-11-19,12.35923153600807,72.52270401905508,0.0,无
2024-11-20,23.05214650180386,61.445978651510735,0.0,苹果绵蚜
2024-11-21,13.501781406689297,56.37699206679241,8.616901169419762,无
2024-11-22,16.062095447075155,64.838601626605,0.0,无
2024-11-23,17.136076713706345,74.89526691878127,0.0,蚜虫
2024-11-24,18.202056569607528,71.18319949415486,0.0,无
2024-11-25,19.292034035167514,51.745684581080525,0.0,无
2024-11-26,14.883177301520126,60.152624721598194,6.735020723942564,无
2024-11-27,20.537750335720045,60.853097307319295,0.0,"蚜虫, 苹果白粉病"
2024-11-28,16.787028741279794,49.909221766354136,0.0,无
2024-11-29,16.433418231239063,64.34432236074134,4.889597114199403,蚜虫
2024-11-30,21.424465470385933,53.74667087877161,0.0,无
2024-12-01,7.329342981683411,69.3744464877636,0.0,无
2024-12-02,4.315850742033539,69.35668079455588,0.3317713903852823,无
2024-12-03,6.358543132218031,62.23587008362718,0.0,无
2024-12-04,3.141452007288473,54.915079190815995,0.9870137022000205,无
2024-12-05,6.741768590731169,68.19099984410445,7.206495942414928,无
2024-12-06,6.359358300012817,65.91448587726003,0.0,无
2024-12-07,5.864540594102139,62.368070503874094,0.0,无
2024-12-08,6.241141205750257,65.99141463952705,0.0,无
2024-12-09,7.144493009653136,58.64240292531453,5.796985934319505,无
2024-12-10,3.1223690195442577,48.034102278417464,0.0,无
2024-12-11,6.04153968714097,56.074638036561495,0.0,无
2024-12-12,10.253970080073316,48.54690937975008,0.0,无
2024-12-13,5.165138836415018,55.73707145376391,0.0,无
2024-12-14,6.134013489200782,63.79453508916941,0.0,无
2024-12-15,5.4449995839581975,82.62513851946275,0.0,无
2024-12-16,9.534895091596916,76.85512756356542,4.269840068963062,无
2024-12-17,0.5417202311456659,43.91673901870685,2.196555748366013,无
2024-12-18,0.0,88.14240914001059,0.0,无
2024-12-19,4.347483367260951,53.23803126447483,6.835421729166091,无
2024-12-20,8.281816565703105,65.35708567966387,0.0,无
2024-12-21,8.44685182727435,60.17243547051209,0.0,无
2024-12-22,4.458920478039081,54.384293176352,0.0,无
2024-12-23,4.6099346260362575,57.91684705281045,0.0,无
2024-12-24,0.0,46.162163507278635,7.376831969236367,无
2024-12-25,5.680161776711474,64.05697937468148,0.0,无
2024-12-26,10.58475858378933,57.138756589187174,0.0,无
2024-12-27,1.593992555327549,69.0566767907798,0.0,无
2024-12-28,11.45471695505453,74.53632943976032,0.0,无
2024-12-29,3.456922021031437,67.77368330786904,0.0,无
2024-12-30,5.630033054181878,63.74915701381181,2.9451800611816186,无
2024-12-31,3.7614881529923245,59.297885004735356,0.0,无
2025-01-01,7.802096677975777,55.837751455855596,0.0,无
2025-01-02,5.5103176228209705,53.27715720831477,0.0,无
2025-01-03,7.065998709549282,50.20522192644006,0.0,无
2025-01-04,1.0160954576440773,55.50009144975816,0.0,无
2025-01-05,7.839700648965239,53.19346299736018,0.0,无
2025-01-06,4.441072307005226,80.20864047571936,0.0,无
2025-01-07,2.789627685108814,64.43922990329999,0.0,无
2025-01-08,4.339084333764458,46.22709069210332,0.0,无
2025-01-09,5.668504192677712,58.16201943579597,0.0,无
2025-01-10,2.1945090011684596,39.535194641983566,0.0,无
2025-01-11,9.59625788508092,49.47809632207923,0.0,无
2025-01-12,10.165864090272752,59.09708277694004,0.0,无
2025-01-13,6.2911571050645545,55.915975961111485,0.0,无
2025-01-14,7.938956026541336,82.20041651239335,0.0,无
2025-01-15,4.356727264319475,70.84363616507638,3.9351694592037108,无
2025-01-16,5.044714911114656,63.618465920916385,0.0,无
2025-01-17,9.280951342297332,59.879581052819184,0.0,无
2025-01-18,3.4917008108894327,59.34217557900288,0.0,无
2025-01-19,5.2356405339639425,48.586609310302045,0.8884379912655826,无
2025-01-20,5.618875970781787,46.95906715956714,0.0,无
2025-01-21,0.7938357647536911,65.11769677282726,0.0,无
2025-01-22,3.475727142985275,56.695329264295104,0.0,无
2025-01-23,3.341001314756333,56.56764879609219,0.29008239802304503,无
2025-01-24,4.203536718792811,51.848802584232324,0.0,无
2025-01-25,7.703680413017667,54.29527482857363,0.0,无
2025-01-26,3.5860530757412263,62.61113580722219,0.0,无
2025-01-27,7.739410347873563,58.09505452087831,0.0,无
2025-01-28,3.8844592474760242,63.475813832541654,3.7612713146380363,无
2025-01-29,7.681291829111688,52.81150455919191,0.0,无
2025-01-30,3.397168581990205,73.7850371518414,0.0,无
2025-01-31,5.557110198718011,79.48609568645932,0.0,无
2025-02-01,4.499732655774187,69.59140407805168,0.0,无
2025-02-02,0.0,84.28736175010988,5.262734327787352,无
2025-02-03,9.124269799393739,78.33418456448882,0.0,无
2025-02-04,3.8837881691495904,75.68340655798798,0.0,无
2025-02-05,8.165580876827573,37.46532437171709,0.5769187556470898,无
2025-02-06,2.9016080479811706,72.88176568192863,0.0,无
2025-02-07,3.863091496093003,59.16790549941448,0.0,无
2025-02-08,4.026717365166373,48.27350903213457,0.0,无
2025-02-09,7.864273044272106,83.85444835093224,11.715214784452384,无
2025-02-10,6.986314388598086,64.97005458865486,0.0,无
2025-02-11,4.433493424154483,55.621089783238354,0.0,无
2025-02-12,3.9271286649308377,63.00744367984198,0.0,无
2025-02-13,3.39113474841852,56.36537328434264,0.0,无
2025-02-14,1.1307309426432695,65.56613812346657,0.0,无
2025-02-15,2.7266485121015536,70.98091643353739,0.0,无
2025-02-16,3.6017857663142365,53.34377527245546,0.0,无
2025-02-17,11.402626271771165,64.94843115806547,0.0,无
2025-02-18,5.979961651043817,76.66176741708489,0.0,无
2025-02-19,8.522295473160387,66.17048703112951,0.0,无
2025-02-20,3.7133912175153148,49.054300381273606,0.0,无
2025-02-21,5.82489878237499,57.53212196739638,0.0,无
2025-02-22,5.996063482175792,81.40671548049738,0.0,无
2025-02-23,1.4190668604545862,63.190643921633914,0.0,无
2025-02-24,11.544620042290768,59.885688092108616,30.745411504453685,无
2025-02-25,11.453839211226866,67.19389340242964,0.0,无
2025-02-26,7.538853468474775,65.38637625448462,6.548415237172791,无
2025-02-27,3.4821750184147082,62.77666883133875,0.0,无
2025-02-28,6.192619556195189,59.254766311455484,0.0,无
2025-03-01,20.40097261469141,56.773990490112844,0.8218110274880402,"蚜虫, 苹果绵蚜"
2025-03-02,16.78607683348063,47.86625048284705,0.0,无
2025-03-03,18.582185278919624,50.871401819997175,0.0,苹果绵蚜
2025-03-04,17.973750128375297,58.494076134122906,8.810826365315572,无
2025-03-05,18.020814813861445,64.03942061037709,0.0,"蚜虫, 苹果白粉病"
2025-03-06,14.6847287747971,67.62445550653209,0.0,无
2025-03-07,16.515687815952518,61.19017190287144,9.436524307843797,无
2025-03-08,13.820633105452051,52.08474360295567,0.0,无
2025-03-09,17.24635382520019,63.76306457281179,0.0,"蚜虫, 苹果白粉病"
2025-03-10,18.53239132581776,54.84935673713204,0.0,苹果白粉病
2025-03-11,15.141568055352307,61.275412761836904,0.0,"蚜虫, 苹果白粉病"
2025-03-12,13.5827785178792,59.452009922663926,0.0,无
2025-03-13,14.295019647485203,67.89884467178565,0.0,无
2025-03-14,18.619986987813014,49.71439581436501,0.0,蚜虫
2025-03-15,20.380250774337537,55.99824658159377,5.712002732243134,苹果卷叶蛾
2025-03-16,23.01368964602981,55.253046026299714,0.0,"蚜虫, 苹果绵蚜"
2025-03-17,16.464941750352576,42.509312195964036,5.868723119530692,无
2025-03-18,22.266243131043588,45.035941371633356,0.0,蚜虫
2025-03-19,19.00507913954434,63.91390028549702,3.3587337535320505,苹果金纹细蛾
2025-03-20,13.134808219121291,70.91761624434481,0.0,无
2025-03-21,20.837802355551595,55.62679590713849,0.0,无
2025-03-22,13.102441594991362,63.35744967998507,0.0,无
2025-03-23,17.0919163399794,66.0949345668871,8.32104470314442,无
2025-03-24,12.964119178077498,63.86282259756915,0.0,无
2025-03-25,19.387305491733652,82.1216984305313,3.8880861224328096,无
2025-03-26,14.799867598080858,75.39738365742842,0.0,无
2025-03-27,17.810522218080234,66.06761400165375,0.0,蚜虫
2025-03-28,18.901180688378155,52.16021831797387,0.0,苹果绵蚜
2025-03-29,14.893970396129284,47.98001377355408,0.0,无
2025-03-30,18.047902885172544,50.19461327321762,0.0,"苹果白粉病, 苹果绵蚜"
2025-03-31,21.749574888977335,61.34030287539338,0.0,无
2025-04-01,12.9500745702768,64.08516169437392,0.0,无
2025-04-02,19.37614924238192,55.53637065391527,0.0,无
2025-04-03,18.990856084960342,54.76718927107268,0.0,蚜虫
2025-04-04,18.291110363704334,64.1503272221693,0.0,无
2025-04-05,17.818898917186157,64.05672375666012,0.0,蚜虫
2025-04-06,19.256290774246914,66.76054761670247,3.415737567397919,苹果斑点落叶病
2025-04-07,20.479946300250376,58.65705243282594,5.339057646809797,无
2025-04-08,20.851375070070233,37.48281339674442,0.0,无
2025-04-09,16.88722514079384,45.39531387939488,1.0421773058402124,无
2025-04-10,16.40478195392394,59.177573611461476,2.8659950553219993,无
2025-04-11,12.68009308099252,58.385997570173814,0.0,无
2025-04-12,17.073598381206597,60.40504321577538,0.0,无
2025-04-13,18.62050942441111,68.20303379192566,1.8632952735150208,苹果白粉病
2025-04-14,19.083959502766554,73.29633651624565,0.0,无
2025-04-15,21.918848798999424,67.48091041313985,0.0,蚜虫
2025-04-16,19.23473204596777,55.21166802526551,0.0,无
2025-04-17,15.391485938921775,51.57965300588244,0.0,无
2025-04-18,17.882351254683957,55.0968626610311,0.0,无
2025-04-19,15.288998607237257,53.01613043806107,6.815600223150835,无
2025-04-20,15.837498318823314,52.164517113966326,0.0,苹果白粉病
2025-04-21,20.73611355732905,65.9137046868802,0.0,无
2025-04-22,17.997924940496524,50.45630047059271,0.0,无
2025-04-23,17.741625822441264,84.58599455976443,0.0,无
2025-04-24,16.781901958289534,59.70791903742101,0.0,无
2025-04-25,21.09573633847659,74.06064585025342,0.0,蚜虫
2025-04-26,23.362844327123987,46.581946384634314,15.384789531022632,无
2025-04-27,20.514152508100956,63.84316996049486,0.0,苹果绵蚜
2025-04-28,21.057221871334562,55.62454671328732,0.0,"蚜虫, 苹果绵蚜"
2025-04-29,18.449261820094335,66.14300480145613,0.0,无
2025-04-30,13.726663817957522,55.048446799205415,0.0,无
2025-05-01,21.362542924815884,44.043666555753234,0.0,无
2025-05-02,21.70241467446157,68.76754892598504,0.0,苹果绵蚜
2025-05-03,16.227280898684956,64.01029399802438,0.8069038050630069,蚜虫
2025-05-04,18.365463832181415,76.94588461711231,0.0,无
2025-05-05,17.882492505655502,60.8709867000788,7.718128238934355,无
2025-05-06,21.62893346604102,69.36550878865826,0.0,无
2025-05-07,20.103198735445947,60.27447070557608,0.0,苹果绵蚜
2025-05-08,21.39456992939071,60.732117025537384,0.0,苹果绵蚜
2025-05-09,13.949166853820453,65.87827445841152,0.0,无
2025-05-10,14.11901671220313,51.91052655343317,0.0,无
2025-05-11,21.805818079991226,64.67593420403027,0.0,"蚜虫, 苹果绵蚜"
2025-05-12,16.71508270433202,53.33917910610578,1.3935701546907355,无
2025-05-13,15.565710682448756,61.45620148820182,0.13834437544334302,无
2025-05-14,18.042327818750913,61.31259156028224,0.0,苹果白粉病
2025-05-15,18.100348356439813,67.50106916828067,0.0,"蚜虫, 苹果绵蚜"
2025-05-16,21.662699745376315,63.01053541136087,25.53041591847753,无
2025-05-17,23.24986220095598,51.714104886017864,0.0,无
2025-05-18,17.347858894986853,56.73476270241226,3.638713614143818,"蚜虫, 苹果白粉病"
2025-05-19,19.66317749162654,64.82205101610728,0.0,无
2025-05-20,14.534808646258352,68.74963198126885,2.6825029980771538,无
